query,significant,p_value,term_size,query_size,intersection_size,precision,recall,term_id,source,term_name,effective_domain_size,source_order,parents
query_1,TRUE,0.0013795862007516463,4,6,2,0.3333333333333333,0.5,CORUM:795,CORUM,"SNARE complex (Vamp2, Snap25, Stx1a, Cplx1)",1082,117,
query_1,TRUE,2.6348016585452752e-14,218,33,12,0.36363636363636365,0.05504587155963303,GO:0099504,GO:BP,synaptic vesicle cycle,27205,20162,
query_1,TRUE,1.847049132115471e-13,256,33,12,0.36363636363636365,0.046875,GO:0099003,GO:BP,vesicle-mediated transport in synapse,27205,20060,
query_1,TRUE,7.237322942198276e-10,2197,33,19,0.5757575757575758,0.00864815657715066,GO:0051649,GO:BP,establishment of localization in cell,27205,14650,
query_1,TRUE,1.4887863038157888e-8,240,33,9,0.2727272727272727,0.0375,GO:0045055,GO:BP,regulated exocytosis,27205,11943,
query_1,TRUE,6.377461188084411e-8,104,33,7,0.21212121212121213,0.0673076923076923,GO:0016079,GO:BP,synaptic vesicle exocytosis,27205,5230,
query_1,TRUE,9.525641949819415e-8,590,33,11,0.3333333333333333,0.01864406779661017,GO:0060627,GO:BP,regulation of vesicle-mediated transport,27205,15648,
query_1,TRUE,2.482432310541365e-7,3491,33,20,0.6060606060606061,0.005729017473503294,GO:0051641,GO:BP,cellular localization,27205,14642,
query_1,TRUE,6.178298099687425e-7,365,33,9,0.2727272727272727,0.024657534246575342,GO:0006887,GO:BP,exocytosis,27205,2599,
query_1,TRUE,7.924101827484559e-7,78,33,6,0.18181818181818182,0.07692307692307693,GO:0048488,GO:BP,synaptic vesicle endocytosis,27205,13519,
query_1,TRUE,9.986793865907382e-7,81,33,6,0.18181818181818182,0.07407407407407407,GO:0140238,GO:BP,presynaptic endocytosis,27205,20798,
query_1,TRUE,1.0691983963911503e-6,155,33,7,0.21212121212121213,0.04516129032258064,GO:0099643,GO:BP,signal release from synapse,27205,20245,
query_1,TRUE,1.0691983963911503e-6,155,33,7,0.21212121212121213,0.04516129032258064,GO:0007269,GO:BP,neurotransmitter secretion,27205,2866,
query_1,TRUE,1.6577195608239098e-6,88,33,6,0.18181818181818182,0.06818181818181818,GO:0036465,GO:BP,synaptic vesicle recycling,27205,10145,
query_1,TRUE,2.795840994516052e-6,1930,33,15,0.45454545454545453,0.007772020725388601,GO:0051049,GO:BP,regulation of transport,27205,14219,
query_1,TRUE,4.169504214982819e-6,1657,33,14,0.42424242424242425,0.008449004224502113,GO:0016192,GO:BP,vesicle-mediated transport,27205,5292,
query_1,TRUE,8.871795575222453e-6,210,33,7,0.21212121212121213,0.03333333333333333,GO:0006836,GO:BP,neurotransmitter transport,27205,2562,
query_1,TRUE,9.288112940914001e-6,912,33,11,0.3333333333333333,0.01206140350877193,GO:0032940,GO:BP,secretion by cell,27205,8354,
query_1,TRUE,1.2843728516099313e-5,941,33,11,0.3333333333333333,0.011689691817215728,GO:0099536,GO:BP,synaptic signaling,27205,20177,
query_1,TRUE,1.3441592974354407e-5,223,33,7,0.21212121212121213,0.03139013452914798,GO:0001505,GO:BP,regulation of neurotransmitter levels,27205,335,
query_1,TRUE,1.932974240872728e-5,979,33,11,0.3333333333333333,0.011235955056179775,GO:0140352,GO:BP,export from cell,27205,20837,
query_1,TRUE,2.938343043719024e-5,2293,33,15,0.45454545454545453,0.0065416484954208464,GO:0032879,GO:BP,regulation of localization,27205,8303,
query_1,TRUE,3.122160350617356e-5,24,33,4,0.12121212121212122,0.16666666666666666,GO:0016082,GO:BP,synaptic vesicle priming,27205,5233,
query_1,TRUE,3.484228615188568e-5,580,33,9,0.2727272727272727,0.015517241379310345,GO:0023061,GO:BP,signal release,27205,7007,
query_1,TRUE,5.501518613101315e-5,1084,33,11,0.3333333333333333,0.01014760147601476,GO:0046903,GO:BP,secretion,27205,13155,
query_1,TRUE,7.985876500222016e-5,4823,33,20,0.6060606060606061,0.004146796599626789,GO:0051234,GO:BP,establishment of localization,27205,14353,
query_1,TRUE,8.622552369681391e-5,1748,33,13,0.3939393939393939,0.007437070938215103,GO:0007267,GO:BP,cell-cell signaling,27205,2864,
query_1,TRUE,1.0955181003682055e-4,895,33,10,0.30303030303030304,0.0111731843575419,GO:0098916,GO:BP,anterograde trans-synaptic signaling,27205,20010,
query_1,TRUE,1.0955181003682055e-4,895,33,10,0.30303030303030304,0.0111731843575419,GO:0007268,GO:BP,chemical synaptic transmission,27205,2865,
query_1,TRUE,1.1782297744289776e-4,902,33,10,0.30303030303030304,0.011086474501108648,GO:0099537,GO:BP,trans-synaptic signaling,27205,20178,
query_1,TRUE,1.243245086317196e-4,673,33,9,0.2727272727272727,0.01337295690936107,GO:1903530,GO:BP,regulation of secretion by cell,27205,24181,
query_1,TRUE,1.7089815248961778e-4,95,33,5,0.15151515151515152,0.05263157894736842,GO:0140029,GO:BP,exocytic process,27205,20726,
query_1,TRUE,3.1386038330991577e-4,4664,33,19,0.5757575757575758,0.004073756432246998,GO:0006810,GO:BP,transport,27205,2546,
query_1,TRUE,3.4145700896652374e-4,214,33,6,0.18181818181818182,0.028037383177570093,GO:0017157,GO:BP,regulation of exocytosis,27205,5421,
query_1,TRUE,3.8036228753809715e-4,768,33,9,0.2727272727272727,0.01171875,GO:0051046,GO:BP,regulation of secretion,27205,14216,
query_1,TRUE,7.4340088948599e-4,5491,33,20,0.6060606060606061,0.00364232380258605,GO:0051179,GO:BP,localization,27205,14323,
query_1,TRUE,9.756857856324549e-4,2555,33,14,0.42424242424242425,0.005479452054794521,GO:0007399,GO:BP,nervous system development,27205,2969,
query_1,TRUE,0.0015063101715581835,147,33,5,0.15151515151515152,0.034013605442176874,GO:1903305,GO:BP,regulation of regulated secretory pathway,27205,23988,
query_1,TRUE,0.0023046951240741037,68,33,4,0.12121212121212122,0.058823529411764705,GO:0017156,GO:BP,calcium-ion regulated exocytosis,27205,5420,
query_1,TRUE,0.00541538431508101,344,33,6,0.18181818181818182,0.01744186046511628,GO:0016050,GO:BP,vesicle organization,27205,5205,
query_1,TRUE,0.005475328549612602,2098,33,12,0.36363636363636365,0.005719733079122974,GO:0071705,GO:BP,nitrogen compound transport,27205,17823,
query_1,TRUE,0.007579479313343332,2582,33,13,0.3939393939393939,0.005034856700232378,GO:0051128,GO:BP,regulation of cellular component organization,27205,14274,
query_1,TRUE,0.008696378267120771,28,33,3,0.09090909090909091,0.10714285714285714,GO:0031629,GO:BP,synaptic vesicle fusion to presynaptic active zone membrane,27205,7646,
query_1,TRUE,0.009397236134877708,841,33,8,0.24242424242424243,0.009512485136741973,GO:0006897,GO:BP,endocytosis,27205,2607,
query_1,TRUE,0.009691788593468828,29,33,3,0.09090909090909091,0.10344827586206896,GO:0099500,GO:BP,vesicle fusion to plasma membrane,27205,20160,
query_1,TRUE,0.013123198664775392,32,33,3,0.09090909090909091,0.09375,GO:0048499,GO:BP,synaptic vesicle membrane organization,27205,13526,
query_1,TRUE,0.014423587272240494,33,33,3,0.09090909090909091,0.09090909090909091,GO:0006099,GO:BP,tricarboxylic acid cycle,27205,2003,
query_1,TRUE,0.016980070684681,3244,33,14,0.42424242424242425,0.004315659679408138,GO:0065008,GO:BP,regulation of biological quality,27205,16812,
query_1,TRUE,0.020810208300230046,118,33,4,0.12121212121212122,0.03389830508474576,GO:0006906,GO:BP,vesicle fusion,27205,2613,
query_1,TRUE,0.020971926746902462,1597,33,10,0.30303030303030304,0.006261740763932373,GO:0015031,GO:BP,protein transport,27205,4917,
query_1,TRUE,0.02137741184819616,253,33,5,0.15151515151515152,0.019762845849802372,GO:0006898,GO:BP,receptor-mediated endocytosis,27205,2608,
query_1,TRUE,0.022238635150574743,120,33,4,0.12121212121212122,0.03333333333333333,GO:0090174,GO:BP,organelle membrane fusion,27205,19092,
query_1,TRUE,0.028015054014701283,697,33,7,0.21212121212121213,0.010043041606886656,GO:0050804,GO:BP,modulation of chemical synaptic transmission,27205,14016,
query_1,TRUE,0.028274879139091626,698,33,7,0.21212121212121213,0.01002865329512894,GO:0099177,GO:BP,regulation of trans-synaptic signaling,27205,20147,
query_1,TRUE,0.028684262738309003,128,33,4,0.12121212121212122,0.03125,GO:0048259,GO:BP,regulation of receptor-mediated endocytosis,27205,13348,
query_1,TRUE,0.029716185427277775,12308,33,27,0.8181818181818182,0.0021936951576210593,GO:0050794,GO:BP,regulation of cellular process,27205,14008,
query_1,TRUE,0.037142645695296794,45,33,3,0.09090909090909091,0.06666666666666667,GO:0017158,GO:BP,regulation of calcium ion-dependent exocytosis,27205,5422,
query_1,TRUE,0.03839747914235596,1712,33,10,0.30303030303030304,0.005841121495327103,GO:0045184,GO:BP,establishment of protein localization,27205,12003,
query_1,TRUE,3.526069230588881e-18,1677,34,23,0.6764705882352942,0.013714967203339297,GO:0045202,GO:CC,synapse,27262,2147,
query_1,TRUE,3.8298187676246805e-15,2294,34,23,0.6764705882352942,0.01002615518744551,GO:0030054,GO:CC,cell junction,27262,871,
query_1,TRUE,1.85568224173131e-11,744,34,14,0.4117647058823529,0.01881720430107527,GO:0098793,GO:CC,presynapse,27262,3265,
query_1,TRUE,1.915180264322588e-9,484,34,11,0.3235294117647059,0.022727272727272728,GO:0098984,GO:CC,neuron to neuron synapse,27262,3331,
query_1,TRUE,2.2887046038929874e-9,11620,34,33,0.9705882352941176,0.0028399311531841654,GO:0005737,GO:CC,cytoplasm,27262,309,
query_1,TRUE,3.010861615987757e-9,866,34,13,0.38235294117647056,0.015011547344110854,GO:0098794,GO:CC,postsynapse,27262,3266,
query_1,TRUE,2.2639377735920227e-8,610,34,11,0.3235294117647059,0.018032786885245903,GO:0098978,GO:CC,glutamatergic synapse,27262,3325,
query_1,TRUE,2.2982973466541273e-8,447,34,10,0.29411764705882354,0.02237136465324385,GO:0032279,GO:CC,asymmetric synapse,27262,1285,
query_1,TRUE,3.9511713869032254e-7,429,34,9,0.2647058823529412,0.02097902097902098,GO:0014069,GO:CC,postsynaptic density,27262,696,
query_1,TRUE,8.746671667441391e-7,470,34,9,0.2647058823529412,0.019148936170212766,GO:0099572,GO:CC,postsynaptic specialization,27262,3384,
query_1,TRUE,1.2872559788745724e-6,210,34,7,0.20588235294117646,0.03333333333333333,GO:0043209,GO:CC,myelin sheath,27262,1877,
query_1,TRUE,2.9671247635652273e-6,134,34,6,0.17647058823529413,0.04477611940298507,GO:0098685,GO:CC,Schaffer collateral - CA1 synapse,27262,3252,
query_1,TRUE,6.769570129342887e-6,1633,34,13,0.38235294117647056,0.007960808328230252,GO:0043005,GO:CC,neuron projection,27262,1851,
query_1,TRUE,6.7875685100728715e-6,415,34,8,0.23529411764705882,0.01927710843373494,GO:0030133,GO:CC,transport vesicle,27262,912,
query_1,TRUE,8.646564333144636e-6,277,34,7,0.20588235294117646,0.02527075812274368,GO:0070382,GO:CC,exocytic vesicle,27262,2478,
query_1,TRUE,4.8497196430435326e-5,110,34,5,0.14705882352941177,0.045454545454545456,GO:0048786,GO:CC,presynaptic active zone,27262,2249,
query_1,TRUE,6.21461351664993e-5,46,34,4,0.11764705882352941,0.08695652173913043,GO:0031201,GO:CC,SNARE complex,27262,1060,
query_1,TRUE,1.4312918486283864e-4,258,34,6,0.17647058823529413,0.023255813953488372,GO:0008021,GO:CC,synaptic vesicle,27262,488,
query_1,TRUE,1.4486348024271993e-4,2517,34,14,0.4117647058823529,0.0055621771950735005,GO:0120025,GO:CC,plasma membrane bounded cell projection,27262,3453,
query_1,TRUE,2.2624217645477406e-4,150,34,5,0.14705882352941177,0.03333333333333333,GO:0099501,GO:CC,exocytic vesicle membrane,27262,3372,
query_1,TRUE,2.2624217645477406e-4,150,34,5,0.14705882352941177,0.03333333333333333,GO:0030672,GO:CC,synaptic vesicle membrane,27262,963,
query_1,TRUE,2.3235569753390375e-4,2617,34,14,0.4117647058823529,0.005349636988918609,GO:0042995,GO:CC,cell projection,27262,1850,
query_1,TRUE,2.6190199139579324e-4,2239,34,13,0.38235294117647056,0.005806163465832961,GO:0031982,GO:CC,vesicle,27262,1231,
query_1,TRUE,4.01987873294717e-4,711,34,8,0.23529411764705882,0.011251758087201125,GO:0099503,GO:CC,secretory vesicle,27262,3373,
query_1,TRUE,7.106365648171162e-4,84,34,4,0.11764705882352941,0.047619047619047616,GO:0043195,GO:CC,terminal bouton,27262,1870,
query_1,TRUE,8.558175885071423e-4,88,34,4,0.11764705882352941,0.045454545454545456,GO:0060076,GO:CC,excitatory synapse,27262,2271,
query_1,TRUE,9.174006395206958e-4,795,34,8,0.23529411764705882,0.010062893081761006,GO:0030424,GO:CC,axon,27262,935,
query_1,TRUE,0.0011136199310812528,17505,34,33,0.9705882352941176,0.0018851756640959727,GO:0005622,GO:CC,intracellular anatomical structure,27262,237,
query_1,TRUE,0.0014421486986516134,219,34,5,0.14705882352941177,0.0228310502283105,GO:0030658,GO:CC,transport vesicle membrane,27262,950,
query_1,TRUE,0.0016440843764324818,225,34,5,0.14705882352941177,0.022222222222222223,GO:0042734,GO:CC,presynaptic membrane,27262,1839,
query_1,TRUE,0.001773349945781029,4,34,2,0.058823529411764705,0.5,GO:0070032,GO:CC,synaptobrevin 2-SNAP-25-syntaxin-1a-complexin I complex,27262,2415,
query_1,TRUE,0.002631552627401048,248,34,5,0.14705882352941177,0.020161290322580645,GO:0005802,GO:CC,trans-Golgi network,27262,364,
query_1,TRUE,0.0029532705663933554,5,34,2,0.058823529411764705,0.4,GO:0070044,GO:CC,synaptobrevin 2-SNAP-25-syntaxin-1a complex,27262,2417,
query_1,TRUE,0.004426439793388743,6,34,2,0.058823529411764705,0.3333333333333333,GO:0060203,GO:CC,clathrin-sculpted glutamate transport vesicle membrane,27262,2291,
query_1,TRUE,0.004426439793388743,6,34,2,0.058823529411764705,0.3333333333333333,GO:0060199,GO:CC,clathrin-sculpted glutamate transport vesicle,27262,2287,
query_1,TRUE,0.005310705360620047,485,34,6,0.17647058823529413,0.012371134020618556,GO:0097060,GO:CC,synaptic membrane,27262,2907,
query_1,TRUE,0.005487417239918897,2085,34,11,0.3235294117647059,0.005275779376498801,GO:0031410,GO:CC,cytoplasmic vesicle,27262,1109,
query_1,TRUE,0.005561400022363488,2088,34,11,0.3235294117647059,0.005268199233716475,GO:0097708,GO:CC,intracellular vesicle,27262,3146,
query_1,TRUE,0.007040744295179526,150,34,4,0.11764705882352941,0.02666666666666667,GO:0030136,GO:CC,clathrin-coated vesicle,27262,915,
query_1,TRUE,0.008249764220230812,8,34,2,0.058823529411764705,0.25,GO:0060198,GO:CC,clathrin-sculpted vesicle,27262,2286,
query_1,TRUE,0.008721112462295677,55,34,3,0.08823529411764706,0.05454545454545454,GO:0048787,GO:CC,presynaptic active zone membrane,27262,2250,
query_1,TRUE,0.00971483221913574,801,34,7,0.20588235294117646,0.008739076154806492,GO:0030425,GO:CC,dendrite,27262,936,
query_1,TRUE,0.009869181639637906,803,34,7,0.20588235294117646,0.008717310087173101,GO:0097447,GO:CC,dendritic tree,27262,3014,
query_1,TRUE,0.010598542441713437,9,34,2,0.058823529411764705,0.2222222222222222,GO:0005952,GO:CC,cAMP-dependent protein kinase complex,27262,473,
query_1,TRUE,0.010854697970550825,1120,34,8,0.23529411764705882,0.007142857142857143,GO:0036477,GO:CC,somatodendritic compartment,27262,1724,
query_1,TRUE,0.015348714686639347,359,34,5,0.14705882352941177,0.013927576601671309,GO:0098791,GO:CC,Golgi apparatus subcompartment,27262,3264,
query_1,TRUE,0.015569974747704924,4282,34,15,0.4411764705882353,0.003503035964502569,GO:0012505,GO:CC,endomembrane system,27262,689,
query_1,TRUE,0.015918421930397744,185,34,4,0.11764705882352941,0.021621621621621623,GO:0043679,GO:CC,axon terminus,27262,1964,
query_1,TRUE,0.017672734891651533,881,34,7,0.20588235294117646,0.007945516458569807,GO:0030659,GO:CC,cytoplasmic vesicle membrane,27262,951,
query_1,TRUE,0.017965781586482616,70,34,3,0.08823529411764706,0.04285714285714286,GO:0030665,GO:CC,clathrin-coated vesicle membrane,27262,956,
query_1,TRUE,0.020612238792706808,903,34,7,0.20588235294117646,0.007751937984496124,GO:0012506,GO:CC,vesicle membrane,27262,690,
query_1,TRUE,0.022642740738142177,390,34,5,0.14705882352941177,0.01282051282051282,GO:0150034,GO:CC,distal axon,27262,3593,
query_1,TRUE,0.02278163324014499,203,34,4,0.11764705882352941,0.019704433497536946,GO:0044306,GO:CC,neuron projection terminus,27262,2065,
query_1,TRUE,0.030767645987890262,15,34,2,0.058823529411764705,0.13333333333333333,GO:0098888,GO:CC,extrinsic component of presynaptic membrane,27262,3307,
query_1,TRUE,0.04328265728033637,240,34,4,0.11764705882352941,0.016666666666666666,GO:0030135,GO:CC,coated vesicle,27262,914,
query_1,TRUE,0.04642560645282483,1381,34,8,0.23529411764705882,0.005792903692976104,GO:0031984,GO:CC,organelle subcompartment,27262,1233,
query_1,TRUE,2.2417066079408274e-6,110,33,6,0.18181818181818182,0.05454545454545454,GO:0000149,GO:MF,SNARE binding,25177,27,
query_1,TRUE,1.6747644783564104e-05,75,33,5,0.15151515151515152,0.06666666666666667,GO:0019905,GO:MF,syntaxin binding,25177,3760,
query_1,TRUE,1.7773541842918275e-5,10491,33,29,0.8787878787878788,0.002764274139738824,GO:0005515,GO:MF,protein binding,25177,1496,
query_1,TRUE,2.118381932924239e-4,16296,33,33,1,0.002025036818851252,GO:0005488,GO:MF,binding,25177,1484,
query_1,TRUE,3.395068866238836e-4,15,33,3,0.09090909090909091,0.2,GO:0034236,GO:MF,protein kinase A catalytic subunit binding,25177,4975,
query_1,TRUE,0.0014981463276434752,24,33,3,0.09090909090909091,0.125,GO:0017075,GO:MF,syntaxin-1 binding,25177,3151,
query_1,TRUE,0.007289063230553786,2313,33,12,0.36363636363636365,0.005188067444876783,GO:0019899,GO:MF,enzyme binding,25177,3754,
query_1,TRUE,0.009157333887968454,6,33,2,0.06060606060606061,0.3333333333333333,GO:0046912,GO:MF,"acyltransferase activity, acyl groups converted into alkyl on transfer",25177,6291,
query_1,TRUE,0.013705946887734672,1011,33,8,0.24242424242424243,0.00791295746785361,GO:0008092,GO:MF,cytoskeletal protein binding,25177,1548,
query_1,TRUE,0.019939900175179562,56,33,3,0.09090909090909091,0.05357142857142857,GO:0051018,GO:MF,protein kinase A binding,25177,8000,
query_1,TRUE,0.020222301182768496,777,33,7,0.21212121212121213,0.009009009009009009,GO:0019901,GO:MF,protein kinase binding,25177,3756,
query_1,TRUE,0.027737090300472698,817,33,7,0.21212121212121213,0.008567931456548347,GO:0019904,GO:MF,protein domain specific binding,25177,3759,
query_1,TRUE,0.040094309323075034,12,33,2,0.06060606060606061,0.16666666666666666,GO:0004862,GO:MF,cAMP-dependent protein kinase inhibitor activity,25177,1136,
query_1,TRUE,0.040209393922496714,867,33,7,0.21212121212121213,0.008073817762399077,GO:0019900,GO:MF,kinase binding,25177,3755,
query_1,TRUE,0.04734531352704794,13,33,2,0.06060606060606061,0.15384615384615385,GO:0008603,GO:MF,cAMP-dependent protein kinase regulator activity,25177,1804,
query_1,TRUE,0.0018579687060417407,220,15,7,0.4666666666666667,0.031818181818181815,HP:0002421,HP,Poor head control,4965,1770,
query_1,TRUE,0.0041448909487320895,84,15,5,0.3333333333333333,0.05952380952380952,HP:0011514,HP,Abnormality of binocular vision,4965,7923,
query_1,TRUE,0.0041448909487320895,84,15,5,0.3333333333333333,0.05952380952380952,HP:0000651,HP,Diplopia,4965,508,
query_1,TRUE,0.012738576172178126,15,15,3,0.2,0.2,HP:0008969,HP,Leg muscle stiffness,4965,5597,
query_1,TRUE,0.012738576172178126,15,15,3,0.2,0.2,HP:0007311,HP,Short stepped shuffling gait,4965,4678,
query_1,TRUE,0.013229141232982319,1862,15,14,0.9333333333333333,0.007518796992481203,HP:0001250,HP,Seizure,4965,951,
query_1,TRUE,0.020021118715365188,54,15,4,0.26666666666666666,0.07407407407407407,HP:0025269,HP,Panic attack,4965,9712,
query_1,TRUE,0.02272129812559704,18,15,3,0.2,0.16666666666666666,HP:0025401,HP,Staring gaze,4965,9836,
query_1,TRUE,0.02767775694047345,214,15,6,0.4,0.028037383177570093,HP:0001558,HP,Decreased fetal movement,4965,1145,
query_1,TRUE,0.030177484080154457,334,15,7,0.4666666666666667,0.020958083832335328,HP:0001268,HP,Mental deterioration,4965,965,
query_1,TRUE,0.033268324471027726,339,15,7,0.4666666666666667,0.02064896755162242,HP:0001336,HP,Myoclonus,4965,1010,
query_1,TRUE,0.03780729133003014,226,15,6,0.4,0.02654867256637168,HP:0001557,HP,Prenatal movement abnormality,4965,1144,
query_1,TRUE,0.04551640017679673,503,15,8,0.5333333333333333,0.015904572564612324,HP:0001332,HP,Dystonia,4965,1007,
query_1,TRUE,0.0017602198383140373,32,17,3,0.17647058823529413,0.09375,KEGG:00020,KEGG,Citrate cycle (TCA cycle),8947,3,
query_1,TRUE,0.002143246396000444,16,22,3,0.13636363636363635,0.1875,REAC:R-MMU-181429,REAC,Serotonin Neurotransmitter Release Cycle,8362,1368,
query_1,TRUE,0.005046982318417766,21,22,3,0.13636363636363635,0.14285714285714285,REAC:R-MMU-212676,REAC,Dopamine Neurotransmitter Release Cycle,8362,385,
query_1,TRUE,0.016278441758391948,5,22,2,0.09090909090909091,0.4,REAC:R-MMU-164378,REAC,PKA activation in glucagon signalling,8362,999,
query_1,TRUE,0.016278441758391948,5,22,2,0.09090909090909091,0.4,REAC:R-MMU-442720,REAC,CREB1 phosphorylation through the activation of Adenylate Cyclase,8362,218,
query_1,TRUE,0.028030645704183423,191,22,5,0.22727272727272727,0.02617801047120419,REAC:R-MMU-112315,REAC,Transmission across Chemical Synapses,8362,1608,
query_1,TRUE,0.03407581444465303,7,22,2,0.09090909090909091,0.2857142857142857,REAC:R-MMU-163359,REAC,Glucagon signaling in metabolic regulation,8362,580,
query_1,TRUE,0.03629656333884436,40,22,3,0.13636363636363635,0.075,REAC:R-MMU-6811440,REAC,Retrograde transport at the Trans-Golgi-Network,8362,1294,
query_1,TRUE,0.007474604581695888,1416,35,11,0.3142857142857143,0.007768361581920904,TF:M10416,TF,Factor: Zfp57; motif: CTGCGGCARN,21866,3984,
query_1,TRUE,0.028706089573208325,4342,35,18,0.5142857142857142,0.004145555043758637,TF:M07034,TF,Factor: ATF-1; motif: NNNTGACGTNNN,21866,194,
query_1,TRUE,0.033007295143593254,236,35,5,0.14285714285714285,0.0211864406779661,TF:M00256,TF,Factor: NRSF; motif: TTCAGCACCACGGACAGMGCC,21866,2460,
